name,image
Evan Adams,https://upload.wikimedia.org/wikipedia/commons/1/17/File-Evan_Adams.jpg
Etel Adnan,https://upload.wikimedia.org/wikipedia/commons/thumb/f/f9/Etel_Adnan%2C_2008_%28cropped%29.jpg/220px-Etel_Adnan%2C_2008_%28cropped%29.jpg
Francisco X. Alarcon,https://upload.wikimedia.org/wikipedia/commons/1/12/Francisco-X-Alarcon.jpg
Edward Albee,https://upload.wikimedia.org/wikipedia/commons/thumb/7/7e/EdwardAlbee.jpg/220px-EdwardAlbee.jpg
Mohamed Abdulkarim Ali,NaN
Kimball Allen,https://upload.wikimedia.org/wikipedia/commons/thumb/3/38/Kimball_Allen%2C_playwright.jpg/220px-Kimball_Allen%2C_playwright.jpg
Paula Gunn Allen,https://upload.wikimedia.org/wikipedia/en/thumb/a/a6/Paula_Gunn_Allen.jpg/220px-Paula_Gunn_Allen.jpg
Dorothy Allison,https://upload.wikimedia.org/wikipedia/commons/thumb/e/e2/Allison%2C_Dorothy_%28cropped%29.jpg/220px-Allison%2C_Dorothy_%28cropped%29.jpg
Anne-Marie Alonzo,https://upload.wikimedia.org/wikipedia/en/thumb/3/32/Anne-Marie_Alonzo.jpg/220px-Anne-Marie_Alonzo.jpg
Rebecca Alpert,NaN
Hilton Als,NaN
Noel Alumit,NaN
Debra Anderson,https://upload.wikimedia.org/wikipedia/commons/thumb/f/f3/Debra_Anderson_%28cropped%29.jpg/220px-Debra_Anderson_%28cropped%29.jpg
Patrick Anderson,NaN
Nuria Ano,https://upload.wikimedia.org/wikipedia/commons/5/56/N%C3%BAria_A%C3%B1%C3%B3_in_2009.jpg
Trey Anthony,NaN
Salvatore Antonio,https://upload.wikimedia.org/wikipedia/commons/thumb/5/54/Salvatore_Antonio_at_the_CFC_ANNUAL_BBQ_2012_%287973555448%29.jpg/220px-Salvatore_Antonio_at_the_CFC_ANNUAL_BBQ_2012_%287973555448%29.jpg
Gloria Anzaldua,https://upload.wikimedia.org/wikipedia/commons/thumb/1/11/Gloria_Anzaldua.jpg/220px-Gloria_Anzaldua.jpg
Bert Archer,NaN
Reinaldo Arenas,https://upload.wikimedia.org/wikipedia/commons/thumb/7/74/Foto.reinaldo.jpg/220px-Foto.reinaldo.jpg
Rafael Arevalo Martinez,https://upload.wikimedia.org/wikipedia/commons/thumb/2/2b/Rafaelarevalomartinez30.jpg/220px-Rafaelarevalomartinez30.jpg
Rane Arroyo,https://upload.wikimedia.org/wikipedia/en/e/e1/Rane_Arroyo.jpg
John Ashbery,https://upload.wikimedia.org/wikipedia/commons/thumb/5/57/Ashbery-2010-09-12.jpg/200px-Ashbery-2010-09-12.jpg
Damien Atkins,NaN
W. H. Auden,https://upload.wikimedia.org/wikipedia/commons/thumb/a/aa/AudenVanVechten1939.jpg/220px-AudenVanVechten1939.jpg
Ellis Avery,NaN
Manuel Azana,https://upload.wikimedia.org/wikipedia/commons/thumb/0/04/Manuel_Aza%C3%B1a%2C_1933.jpg/220px-Manuel_Aza%C3%B1a%2C_1933.jpg
Cheryl B,https://upload.wikimedia.org/wikipedia/en/thumb/d/d5/Portrait_of_Cheryl_B.jpg/220px-Portrait_of_Cheryl_B.jpg
Mette Bach,NaN
Sir Francis Bacon,https://upload.wikimedia.org/wikipedia/commons/thumb/5/5c/Somer_Francis_Bacon.jpg/220px-Somer_Francis_Bacon.jpg
James Robert Baker,https://upload.wikimedia.org/wikipedia/en/4/42/Bake08.jpg
John Roman Baker,https://upload.wikimedia.org/wikipedia/commons/thumb/a/ad/John_Roman_Baker2008_%28cropped%29.jpg/200px-John_Roman_Baker2008_%28cropped%29.jpg
James Baldwin,https://upload.wikimedia.org/wikipedia/commons/thumb/f/f3/James_Baldwin_37_Allan_Warren_%28cropped%29.jpg/220px-James_Baldwin_37_Allan_Warren_%28cropped%29.jpg
Honore de Balzac,https://upload.wikimedia.org/wikipedia/commons/thumb/e/e6/Honor%C3%A9_de_Balzac_%281842%29_Detail.jpg/220px-Honor%C3%A9_de_Balzac_%281842%29_Detail.jpg
Victor J. Banis,https://upload.wikimedia.org/wikipedia/commons/a/a3/VictorJBanis.jpg
Ann Bannon,https://upload.wikimedia.org/wikipedia/commons/thumb/2/24/Ann_Bannon_in_1983.jpg/220px-Ann_Bannon_in_1983.jpg
Djuna Barnes,https://upload.wikimedia.org/wikipedia/commons/thumb/5/53/Djunabarnes.jpg/220px-Djunabarnes.jpg
Allen Barnett,NaN
Natalie Clifford Barney,https://upload.wikimedia.org/wikipedia/commons/thumb/4/47/1898_original_portrait_by_Huges.jpg/220px-1898_original_portrait_by_Huges.jpg
Richard Barnfield,NaN
Damian Barr,NaN
Roland Barthes,https://upload.wikimedia.org/wikipedia/en/thumb/5/59/Roland_Barthes_Vertical.jpg/220px-Roland_Barthes_Vertical.jpg
John Barton,NaN
Jean Basile,NaN
Jaime Bayly,https://upload.wikimedia.org/wikipedia/commons/thumb/e/ea/Bayly_Jaime_IMGP3054.JPG/200px-Bayly_Jaime_IMGP3054.JPG
Sylvia Beach,https://upload.wikimedia.org/wikipedia/commons/thumb/9/91/Sylvia_Beach_at_Shakespeare_%26_Co_Paris_1920.jpg/220px-Sylvia_Beach_at_Shakespeare_%26_Co_Paris_1920.jpg
William Beckford,https://upload.wikimedia.org/wikipedia/commons/thumb/2/22/William_%28Thomas%29_Beckford.jpg/220px-William_%28Thomas%29_Beckford.jpg
Aphra Behn,https://upload.wikimedia.org/wikipedia/commons/thumb/3/30/Aphra_Behn_by_Peter_Lely_ca._1670.jpg/220px-Aphra_Behn_by_Peter_Lely_ca._1670.jpg
Billy-Ray Belcourt,NaN
Gwen Benaway,NaN
E. F. Benson,https://upload.wikimedia.org/wikipedia/commons/thumb/f/f8/E._F._Benson.jpg/220px-E._F._Benson.jpg
Jeremy Bentham,https://upload.wikimedia.org/wikipedia/commons/thumb/c/c8/Jeremy_Bentham_by_Henry_William_Pickersgill_detail.jpg/220px-Jeremy_Bentham_by_Henry_William_Pickersgill_detail.jpg
S. Bear Bergman,https://upload.wikimedia.org/wikipedia/commons/thumb/e/ed/S._Bear_Bergman_at_the_Center_for_Sex_and_Culture.jpg/220px-S._Bear_Bergman_at_the_Center_for_Sex_and_Culture.jpg
Leonard Bernstein,https://upload.wikimedia.org/wikipedia/commons/thumb/6/6a/Leonard_Bernstein_by_Jack_Mitchell.jpg/220px-Leonard_Bernstein_by_Jack_Mitchell.jpg
Mattilda Bernstein Sycamore,https://upload.wikimedia.org/wikipedia/commons/thumb/c/cb/Mattilda_Bernstein_Sycamore_280606.jpg/220px-Mattilda_Bernstein_Sycamore_280606.jpg
Anthony Bidulka,https://upload.wikimedia.org/wikipedia/commons/thumb/4/4e/Author_Anthony_Bidulka_.jpg/220px-Author_Anthony_Bidulka_.jpg
Imogen Binnie,NaN
Elizabeth Bishop,https://upload.wikimedia.org/wikipedia/commons/thumb/e/e3/Elizabeth_Bishop%2C_1934_yearbook_portrait.jpg/220px-Elizabeth_Bishop%2C_1934_yearbook_portrait.jpg
bill bissett,NaN
Persimmon Blackbridge,NaN
Marie-Claire Blais,https://upload.wikimedia.org/wikipedia/commons/thumb/e/e4/Marie-Claire_Blais_2010.jpg/225px-Marie-Claire_Blais_2010.jpg
Robin Blaser,https://upload.wikimedia.org/wikipedia/en/9/93/Robin_Blaser.jpg
Charlie Bondhus,https://upload.wikimedia.org/wikipedia/commons/thumb/c/c9/Charlie_Bondhus_1280750.JPG/220px-Charlie_Bondhus_1280750.JPG
Walter Borden,NaN
Barrie Jean Borich,NaN
Elizabeth Bowen,https://upload.wikimedia.org/wikipedia/en/thumb/4/48/Elizabeth_Bowen.jpg/200px-Elizabeth_Bowen.jpg
John Boyne,https://upload.wikimedia.org/wikipedia/commons/thumb/c/c1/John_Boyne_in_Dublin_%28cropped%29.JPG/220px-John_Boyne_in_Dublin_%28cropped%29.JPG
Lawrence Ytzhak Braithwaite,NaN
Christopher Bram,NaN
Dionne Brand,https://upload.wikimedia.org/wikipedia/commons/thumb/0/09/Dionne_Brand.jpg/220px-Dionne_Brand.jpg
Beth Brant,NaN
Perry Brass,NaN
Andre Brassard,NaN
Bertolt Brecht,https://upload.wikimedia.org/wikipedia/commons/thumb/7/73/Bertolt-Brecht.jpg/220px-Bertolt-Brecht.jpg
Poppy Z. Brite,https://upload.wikimedia.org/wikipedia/commons/thumb/6/6e/Recent_photo_of_Billy_Martin.jpg/220px-Recent_photo_of_Billy_Martin.jpg
Lynn Breedlove,https://upload.wikimedia.org/wikipedia/commons/thumb/1/19/Lynn_Breedlove_20191119-7944_%28cropped%29.jpg/220px-Lynn_Breedlove_20191119-7944_%28cropped%29.jpg
Michael Bronski,https://upload.wikimedia.org/wikipedia/commons/thumb/1/1b/Michael_Bronski_%282000%29.jpg/220px-Michael_Bronski_%282000%29.jpg
Carellin Brooks,NaN
Brigid Brophy,https://upload.wikimedia.org/wikipedia/en/4/49/Brigid_Brophy_562717.jpg
Nicole Brossard,https://upload.wikimedia.org/wikipedia/commons/thumb/4/43/Nicole_Brossard01.jpg/220px-Nicole_Brossard01.jpg
Rebecca Brown,NaN
Rita Mae Brown,NaN
Nathan Burgoine,https://upload.wikimedia.org/wikipedia/commons/thumb/5/55/Nathan_burgoine_canadian_writer.jpg/220px-Nathan_burgoine_canadian_writer.jpg
John Horne Burns,NaN
William S. Burroughs,https://upload.wikimedia.org/wikipedia/commons/thumb/8/8a/Burroughs1983_cropped.jpg/220px-Burroughs1983_cropped.jpg
Aldo Busi,https://upload.wikimedia.org/wikipedia/commons/thumb/3/34/Aldo_BUSI_%28cropped%29.jpg/220px-Aldo_BUSI_%28cropped%29.jpg
Alec Butler,NaN
Samuel Butler,https://upload.wikimedia.org/wikipedia/commons/thumb/b/b8/Samuel_Butler_by_Charles_Gogin.jpg/220px-Samuel_Butler_by_Charles_Gogin.jpg
Lord Byron,https://upload.wikimedia.org/wikipedia/commons/thumb/3/3c/Byron_1813_by_Phillips.jpg/220px-Byron_1813_by_Phillips.jpg
Patrick Califia,NaN
Elspeth Cameron,NaN
Truman Capote,https://upload.wikimedia.org/wikipedia/commons/thumb/3/31/Truman_Capote_by_Jack_Mitchell.jpg/220px-Truman_Capote_by_Jack_Mitchell.jpg
Pat Capponi,https://upload.wikimedia.org/wikipedia/en/7/78/PatCapponi1980.png
Edward Carpenter,https://upload.wikimedia.org/wikipedia/commons/thumb/5/53/Day%2C_Fred_Holland_%281864%E2%80%931933%29_-_Edward_Carpenter_%28cropped%29.jpg/220px-Day%2C_Fred_Holland_%281864%E2%80%931933%29_-_Edward_Carpenter_%28cropped%29.jpg
Michael Carroll,NaN
Stacie Cassarino,NaN
Clint Catalyst,https://upload.wikimedia.org/wikipedia/commons/thumb/d/d7/ClintTopHat.jpg/220px-ClintTopHat.jpg
Willa Cather,https://upload.wikimedia.org/wikipedia/commons/thumb/3/3e/Cather_Van_Vechten.jpg/220px-Cather_Van_Vechten.jpg
Constantine P. Cavafy,https://upload.wikimedia.org/wikipedia/commons/thumb/1/18/Konstantinos_Kavafis.jpg/220px-Konstantinos_Kavafis.jpg
Kate Cayley,NaN
Luis Cernuda,https://upload.wikimedia.org/wikipedia/en/3/3c/Luis_Cernuda_image.jpg
Robert Chafe,NaN
Jessie Chandler,https://upload.wikimedia.org/wikipedia/en/thumb/a/aa/Jessiechandler.JPG/220px-Jessiechandler.JPG
Graham Chapman,https://upload.wikimedia.org/wikipedia/en/f/f7/Graham_Chapman_Portrait.png
Normand Chaurette,NaN
John Cheever,https://upload.wikimedia.org/wikipedia/commons/thumb/3/37/Johncheever.jpg/220px-Johncheever.jpg
Wayson Choy,NaN
Helene Cixous,https://upload.wikimedia.org/wikipedia/commons/thumb/6/69/H%C3%A9l%C3%A8ne_Cixous_par_Claude_Truong-Ngoc_2011.jpg/220px-H%C3%A9l%C3%A8ne_Cixous_par_Claude_Truong-Ngoc_2011.jpg
John Cleland,NaN
Kate Clinton,https://upload.wikimedia.org/wikipedia/commons/thumb/a/ad/KateClinton.jpg/220px-KateClinton.jpg
Jean Cocteau,https://upload.wikimedia.org/wikipedia/commons/thumb/a/ae/Jean_Cocteau_b_Meurisse_1923.jpg/220px-Jean_Cocteau_b_Meurisse_1923.jpg
Christopher Coe,NaN
Henri Cole,https://upload.wikimedia.org/wikipedia/commons/thumb/0/0c/Henri_Cole_.jpg/220px-Henri_Cole_.jpg
Colette,https://upload.wikimedia.org/wikipedia/commons/thumb/2/22/Colette_-_photo_Henri_Manuel.jpg/220px-Colette_-_photo_Henri_Manuel.jpg
Joey Comeau,https://upload.wikimedia.org/wikipedia/commons/thumb/0/03/JoeyComeau.jpg/250px-JoeyComeau.jpg
Ivy Compton-Burnett,https://upload.wikimedia.org/wikipedia/en/thumb/0/01/Ivy_Compton-Burnett.jpg/180px-Ivy_Compton-Burnett.jpg
Carmen Conde Abellan,https://upload.wikimedia.org/wikipedia/commons/thumb/d/d0/Carmen_Conde_statue.jpg/220px-Carmen_Conde_statue.jpg
Timothy Conigrave,https://upload.wikimedia.org/wikipedia/en/thumb/6/68/Timothy_Conigrave.jpg/220px-Timothy_Conigrave.jpg
Garrard Conley,https://upload.wikimedia.org/wikipedia/commons/thumb/d/d5/Garrard_Conley_%28cropped%29.jpg/220px-Garrard_Conley_%28cropped%29.jpg
Dennis Cooper,https://upload.wikimedia.org/wikipedia/commons/thumb/e/ec/Intervista_a_Dennis_Cooper_-_33%C2%B0_Lovers_Film_Festival.jpg/220px-Intervista_a_Dennis_Cooper_-_33%C2%B0_Lovers_Film_Festival.jpg
Rick Copp,NaN
Steven Corbin,NaN
Jeanne Cordova,https://upload.wikimedia.org/wikipedia/en/thumb/c/ce/Jeanne_Cordova_Lammy.jpg/220px-Jeanne_Cordova_Lammy.jpg
Marie Corelli,https://upload.wikimedia.org/wikipedia/commons/7/7c/MarieCorelli.jpg
Douglas Coupland,https://upload.wikimedia.org/wikipedia/commons/thumb/a/ad/Douglas_Coupland_Photo_of_Author.jpg/220px-Douglas_Coupland_Photo_of_Author.jpg
Dani Couture,https://upload.wikimedia.org/wikipedia/commons/thumb/6/6e/Dani_Couture_-_Eden_Mills_Writers_Festival_-_2012_%28DanH-3921%29_%28cropped%29.jpg/220px-Dani_Couture_-_Eden_Mills_Writers_Festival_-_2012_%28DanH-3921%29_%28cropped%29.jpg
Daniel Allen Cox,NaN
Ivan Coyote,https://upload.wikimedia.org/wikipedia/commons/thumb/4/4e/Ivan_Coyote.jpg/220px-Ivan_Coyote.jpg
Caleb Crain,NaN
Hart Crane,https://upload.wikimedia.org/wikipedia/en/thumb/e/e3/Hart_Crane.jpg/220px-Hart_Crane.jpg
Quentin Crisp,https://upload.wikimedia.org/wikipedia/commons/thumb/d/d4/QuentinCrisp-RossBennettLewisPHOTO.jpg/200px-QuentinCrisp-RossBennettLewisPHOTO.jpg
Eva Crocker,NaN
Mart Crowley,https://upload.wikimedia.org/wikipedia/commons/thumb/e/eb/Mart_Crowley.jpg/220px-Mart_Crowley.jpg
Countee Cullen,https://upload.wikimedia.org/wikipedia/commons/thumb/d/d6/Counteecullen.jpg/220px-Counteecullen.jpg
Nancy Jo Cullen,NaN
Michael Cunningham,https://upload.wikimedia.org/wikipedia/commons/thumb/6/6a/Michael_Cunningham_JB_by_David_Shankbone.jpg/220px-Michael_Cunningham_JB_by_David_Shankbone.jpg
Peter Cureton,NaN
Jameson Currier,NaN
Jean-Paul Daoust,NaN
Jim David,NaN
Tanya Davis,https://upload.wikimedia.org/wikipedia/commons/thumb/2/2e/Tanya_Davis_au_Casa_Del_Popolo.jpg/220px-Tanya_Davis_au_Casa_Del_Popolo.jpg
Amber Dawn,https://upload.wikimedia.org/wikipedia/commons/thumb/3/3e/Dayne_Ogilvie_Prize_winner_Amber_Dawn.jpg/220px-Dayne_Ogilvie_Prize_winner_Amber_Dawn.jpg
Samuel R. Delany,https://upload.wikimedia.org/wikipedia/commons/thumb/0/0c/Samuel_R._Delany_%28headshot_2%29.png/220px-Samuel_R._Delany_%28headshot_2%29.png
A. M. Dellamonica,https://upload.wikimedia.org/wikipedia/commons/thumb/d/de/Alyxandra_Margaret_%28A._M.%29_Dellamonica_at_FanExpo_2013_%28cropped%29.jpg/220px-Alyxandra_Margaret_%28A._M.%29_Dellamonica_at_FanExpo_2013_%28cropped%29.jpg
Joel Derfner,https://upload.wikimedia.org/wikipedia/commons/thumb/2/2e/Joel_Derfner.jpg/220px-Joel_Derfner.jpg
Emily Dickinson,https://upload.wikimedia.org/wikipedia/commons/thumb/5/56/Black-white_photograph_of_Emily_Dickinson2.png/220px-Black-white_photograph_of_Emily_Dickinson2.png
Joe DiPietro,NaN
Thomas Disch,https://upload.wikimedia.org/wikipedia/commons/thumb/3/3b/Thomas_M._Disch_with_his_books.jpg/220px-Thomas_M._Disch_with_his_books.jpg
Farzana Doctor,https://upload.wikimedia.org/wikipedia/commons/thumb/0/00/Dayne_Ogilvie_Prize_winner_Farzana_Doctor.jpg/220px-Dayne_Ogilvie_Prize_winner_Farzana_Doctor.jpg
John Donne,https://upload.wikimedia.org/wikipedia/commons/thumb/9/96/John_Donne_by_Isaac_Oliver.jpg/220px-John_Donne_by_Isaac_Oliver.jpg
Emma Donoghue,https://upload.wikimedia.org/wikipedia/commons/thumb/e/e3/Irish-Canadian_author_Emma_Donoghue.JPG/220px-Irish-Canadian_author_Emma_Donoghue.JPG
Jose Donoso,https://upload.wikimedia.org/wikipedia/commons/thumb/3/31/Jos%C3%A9_Donoso%2C_1981.jpg/300px-Jos%C3%A9_Donoso%2C_1981.jpg
John Donovan,NaN
H.D.,https://upload.wikimedia.org/wikipedia/commons/thumb/0/0c/H.D._in_Tendencies_in_Modern_American_Poetry%2C_1917_-_cropped.jpg/220px-H.D._in_Tendencies_in_Modern_American_Poetry%2C_1917_-_cropped.jpg
Fernand Dorais,https://upload.wikimedia.org/wikipedia/commons/thumb/5/51/Photo_de_Fernand_Dorais.jpg/220px-Photo_de_Fernand_Dorais.jpg
Mark Doty,https://upload.wikimedia.org/wikipedia/commons/thumb/0/0d/Mark_doty8006.JPG/220px-Mark_doty8006.JPG
Lord Alfred Douglas,https://upload.wikimedia.org/wikipedia/commons/thumb/c/c1/Lord_Alfred_Douglas_by_George_Charles_Beresford_%281903%29.jpg/220px-Lord_Alfred_Douglas_by_George_Charles_Beresford_%281903%29.jpg
Norman Douglas,https://upload.wikimedia.org/wikipedia/commons/thumb/d/d3/Norman_Douglas_%28cropped%29.jpg/220px-Norman_Douglas_%28cropped%29.jpg
Brian Drader,NaN
Neal Drinnan,NaN
Daphne du Maurier,https://upload.wikimedia.org/wikipedia/commons/thumb/e/e3/Young_Daphne_du_Maurier.jpg/220px-Young_Daphne_du_Maurier.jpg
Peter Dube,NaN
Carol Ann Duffy,https://upload.wikimedia.org/wikipedia/commons/thumb/9/9b/Carol_Ann_Duffy_%28cropped%29.jpg/210px-Carol_Ann_Duffy_%28cropped%29.jpg
Maureen Duffy,https://upload.wikimedia.org/wikipedia/commons/thumb/9/95/Maureen_duffy.jpg/220px-Maureen_duffy.jpg
Stella Duffy,NaN
Warren Dunford,NaN
Larry Duplechan,NaN
Elana Dykewomon,NaN
Jim Egan,NaN
Bret Easton Ellis,https://upload.wikimedia.org/wikipedia/commons/thumb/c/cb/Ellis.jpg/220px-Ellis.jpg
Chike Frankie Edozien,https://upload.wikimedia.org/wikipedia/commons/thumb/8/84/Headshots.jpg/220px-Headshots.jpg
Jorge Eduardo Eielson,https://upload.wikimedia.org/wikipedia/commons/thumb/9/9f/Jorge_Eduardo_Eielson.jpg/220px-Jorge_Eduardo_Eielson.jpg
Lars Eighner,https://upload.wikimedia.org/wikipedia/en/thumb/b/b3/Eigner.png/220px-Eigner.png
Deborah Ellis,https://upload.wikimedia.org/wikipedia/commons/thumb/9/9c/Deborah_Ellis.jpg/220px-Deborah_Ellis.jpg
Sarah Ellis,NaN
T. S. Eliot,https://upload.wikimedia.org/wikipedia/commons/thumb/2/26/Thomas_Stearns_Eliot_by_Lady_Ottoline_Morrell_%281934%29.jpg/220px-Thomas_Stearns_Eliot_by_Lady_Ottoline_Morrell_%281934%29.jpg
Gloria Escomel,NaN
Michael Estok,NaN
Leslie Feinberg,https://upload.wikimedia.org/wikipedia/en/thumb/8/8f/Leslie_Feinberg.jpg/220px-Leslie_Feinberg.jpg
Joshua M. Ferguson,NaN
Harvey Fierstein,https://upload.wikimedia.org/wikipedia/commons/thumb/8/89/Harvey_Fierstein_Shankbone_Metropolitan_Opera_2009.jpg/220px-Harvey_Fierstein_Shankbone_Metropolitan_Opera_2009.jpg
Connie Fife,NaN
Timothy Findley,https://upload.wikimedia.org/wikipedia/en/thumb/c/c5/Timothy_findley.jpg/220px-Timothy_findley.jpg
Ronald Firbank,https://upload.wikimedia.org/wikipedia/commons/thumb/c/cf/Portrait_of_Ronald_Firbank.jpg/220px-Portrait_of_Ronald_Firbank.jpg
Diane Flacks,NaN
Janet Flanner,https://upload.wikimedia.org/wikipedia/commons/thumb/2/22/Jannet_Flanners_%28cropped%29.jpg/220px-Jannet_Flanners_%28cropped%29.jpg
Waawaate Fobister,NaN
Michael Thomas Ford,NaN
E. M. Forster,https://upload.wikimedia.org/wikipedia/commons/thumb/d/d4/E._M._Forster_von_Dora_Carrington%2C_1924-25.jpg/220px-E._M._Forster_von_Dora_Carrington%2C_1924-25.jpg
Guy Mark Foster,NaN
Marion Foster,NaN
Michel Foucault,https://upload.wikimedia.org/wikipedia/commons/7/76/Michel_Foucault_1974_Brasil.jpg
Brian Francis,https://upload.wikimedia.org/wikipedia/commons/thumb/f/fd/Brian_Trent_Francis_speaking_%28cropped%29.jpg/220px-Brian_Trent_Francis_speaking_%28cropped%29.jpg
Judith Frank,NaN
Mary Eleanor Wilkins Freeman,https://upload.wikimedia.org/wikipedia/commons/thumb/4/44/Mary_E_Wilkins_Freeman_2.jpg/220px-Mary_E_Wilkins_Freeman_2.jpg
Alice French,https://upload.wikimedia.org/wikipedia/commons/thumb/b/b1/Youngalicefrench.jpg/220px-Youngalicefrench.jpg
Wes Funk,NaN
Federico Garcia Lorca,https://upload.wikimedia.org/wikipedia/commons/thumb/5/5e/Fotograf%C3%ADa_an%C3%B3nima_MNCARS_4.jpg/220px-Fotograf%C3%ADa_an%C3%B3nima_MNCARS_4.jpg
Gustavo Alvarez Gardeazabal,NaN
Nancy Garden,NaN
C. E. Gatchalian,NaN
Daniel Gawthrop,https://upload.wikimedia.org/wikipedia/commons/thumb/3/3c/Daniel_Gawthrop.jpg/220px-Daniel_Gawthrop.jpg
Jean Genet,https://upload.wikimedia.org/wikipedia/commons/thumb/e/e3/JeanGenet-HansKoechler1983-cropped.jpg/250px-JeanGenet-HansKoechler1983-cropped.jpg
Stefan George,https://upload.wikimedia.org/wikipedia/commons/thumb/2/25/Stefan_George_1910_Foto_Jakob_Hilsdorf.jpg/220px-Stefan_George_1910_Foto_Jakob_Hilsdorf.jpg
Hyeong-do Gi,NaN
Andre Gide,https://upload.wikimedia.org/wikipedia/commons/thumb/4/42/Andr%C3%A9_Gide.jpg/220px-Andr%C3%A9_Gide.jpg
Sky Gilbert,https://upload.wikimedia.org/wikipedia/commons/thumb/2/22/Sky_Gilbert.png/220px-Sky_Gilbert.png
John Gilgun,NaN
Allen Ginsberg,https://upload.wikimedia.org/wikipedia/commons/thumb/0/0b/Allen_Ginsberg_1979_-_cropped.jpg/220px-Allen_Ginsberg_1979_-_cropped.jpg
M-E Girard,https://upload.wikimedia.org/wikipedia/commons/thumb/0/00/M_e_girard_8051627.jpg/220px-M_e_girard_8051627.jpg
John Glassco,NaN
Connie Glynn,https://upload.wikimedia.org/wikipedia/commons/thumb/8/8e/Connie_glynn_2019.png/220px-Connie_glynn_2019.png
Nikolai Gogol,https://upload.wikimedia.org/wikipedia/commons/thumb/3/31/NV_Gogol.png/220px-NV_Gogol.png
Andrea Goldsmith,NaN
Agustin Gomez-Arcos,https://upload.wikimedia.org/wikipedia/commons/thumb/1/1f/Agust%C3%ADn_G%C3%B3mez_Arcos_en_Par%C3%ADs.jpg/220px-Agust%C3%ADn_G%C3%B3mez_Arcos_en_Par%C3%ADs.jpg
Rigoberto Gonzalez,https://upload.wikimedia.org/wikipedia/en/thumb/2/20/Rigoberto_Gonz%C3%A1lez.jpeg/220px-Rigoberto_Gonz%C3%A1lez.jpeg
Paul Goodman,https://upload.wikimedia.org/wikipedia/en/thumb/e/ef/Paul_Goodman.jpg/220px-Paul_Goodman.jpg
Juan Goytisolo,https://upload.wikimedia.org/wikipedia/commons/thumb/a/a3/Juan-goytisolo.jpg/220px-Juan-goytisolo.jpg
Judy Grahn,NaN
Camarin Grae,NaN
R. W. Gray,NaN
Thomas Gray,https://upload.wikimedia.org/wikipedia/commons/thumb/9/9b/PortraitThomasGrayByJohnGilesEccart1747to1748.jpg/220px-PortraitThomasGrayByJohnGilesEccart1747to1748.jpg
Nick Green,NaN
Harlan Greene,NaN
Garth Greenwell,NaN
Robert Joseph Greene,https://upload.wikimedia.org/wikipedia/commons/thumb/1/1e/Robert_Joseph_Greene_Press_Phto.jpg/220px-Robert_Joseph_Greene_Press_Phto.jpg
Doris Grumbach,NaN
Samra Habib,NaN
Saleem Haddad,https://upload.wikimedia.org/wikipedia/commons/thumb/a/a9/Saleem_Haddad_selfie.jpg/220px-Saleem_Haddad_selfie.jpg
Radclyffe Hall,https://upload.wikimedia.org/wikipedia/commons/thumb/d/d4/Radclyffe_Hall%2C_ca._1930.jpg/220px-Radclyffe_Hall%2C_ca._1930.jpg
Richard Hall,NaN
Jane Eaton Hamilton,NaN
Dena Hankins,https://upload.wikimedia.org/wikipedia/en/thumb/7/78/Dena_Hankins.jpeg/240px-Dena_Hankins.jpeg
Joseph Hansen,https://upload.wikimedia.org/wikipedia/en/thumb/a/a8/Joseph_Hansen.jpg/220px-Joseph_Hansen.jpg
Robin Hardy,NaN
Bertha Harris,https://upload.wikimedia.org/wikipedia/en/thumb/e/e0/Bertha_Harris.jpg/220px-Bertha_Harris.jpg
Michael Harris,NaN
Trebor Healey,NaN
Scott Heim,https://upload.wikimedia.org/wikipedia/commons/thumb/8/80/Scott_Heim.jpg/200px-Scott_Heim.jpg
Essex Hemphill,https://upload.wikimedia.org/wikipedia/en/thumb/f/fc/Essex_Hemphill.jpg/220px-Essex_Hemphill.jpg
John Herbert,NaN
Patricia Highsmith,https://upload.wikimedia.org/wikipedia/commons/thumb/1/1d/Patricia-Highsmith-1962.jpg/220px-Patricia-Highsmith-1962.jpg
Tomson Highway,https://upload.wikimedia.org/wikipedia/commons/thumb/c/c8/Tomson_Highway_2018_Margaret_Laurence_Lecture_CR_Kaparica_Wiki_Commons_%28cropped%29.jpg/220px-Tomson_Highway_2018_Margaret_Laurence_Lecture_CR_Kaparica_Wiki_Commons_%28cropped%29.jpg
Daryl Hine,NaN
Guy Hocquenghem,https://upload.wikimedia.org/wikipedia/commons/thumb/8/8c/Guy_Hocquenghem_%281983%29.jpg/220px-Guy_Hocquenghem_%281983%29.jpg
Susan Holbrook,NaN
Andrew Holleran,https://upload.wikimedia.org/wikipedia/commons/thumb/5/58/Andrew_Holleran_at_the_Arkansas_Literary_Festival_2007.jpg/220px-Andrew_Holleran_at_the_Arkansas_Literary_Festival_2007.jpg
Alan Hollinghurst,https://upload.wikimedia.org/wikipedia/commons/thumb/f/f2/Alan_hollinghurst_2011.jpg/200px-Alan_hollinghurst_2011.jpg
Ike Holter,https://upload.wikimedia.org/wikipedia/commons/thumb/f/ff/IkeHolter2019.jpg/220px-IkeHolter2019.jpg
Gerard Manley Hopkins,https://upload.wikimedia.org/wikipedia/commons/thumb/7/72/GerardManleyHopkins.jpg/220px-GerardManleyHopkins.jpg
Horace,https://upload.wikimedia.org/wikipedia/commons/thumb/9/95/Quintus_Horatius_Flaccus.jpg/200px-Quintus_Horatius_Flaccus.jpg
Leah Horlick,NaN
Silas House,NaN
A. E. Housman,https://upload.wikimedia.org/wikipedia/commons/thumb/a/a0/Alfred_Edward_Housman.jpeg/220px-Alfred_Edward_Housman.jpeg
James Howe,NaN
Tanya Huff,https://upload.wikimedia.org/wikipedia/commons/thumb/e/e2/Tanya_Huff_at_OVFF_2005.jpg/225px-Tanya_Huff_at_OVFF_2005.jpg
Langston Hughes,https://upload.wikimedia.org/wikipedia/commons/thumb/d/d3/LangstonHughes_crop.jpg/220px-LangstonHughes_crop.jpg
Jay Hulme,https://upload.wikimedia.org/wikipedia/commons/thumb/f/ff/Jay_Hulme.jpg/500px-Jay_Hulme.jpg
Bo Huston,NaN
Joris-Karl Huysmans,https://upload.wikimedia.org/wikipedia/commons/thumb/3/39/Joris_Karl_Huysmans.jpg/220px-Joris_Karl_Huysmans.jpg
John Ibbitson,NaN
William Inge,https://upload.wikimedia.org/wikipedia/commons/thumb/4/48/Williaminge.jpg/220px-Williaminge.jpg
Malcolm Ingram,https://upload.wikimedia.org/wikipedia/commons/thumb/9/9c/Malcolm_Ingram.jpg/220px-Malcolm_Ingram.jpg
Juana Ines de la Cruz,https://upload.wikimedia.org/wikipedia/commons/thumb/1/1d/Sor_Juana_by_Miguel_Cabrera.png/200px-Sor_Juana_by_Miguel_Cabrera.png
Christopher Isherwood,https://upload.wikimedia.org/wikipedia/commons/thumb/b/b2/Christopher_Isherwood_en_route_to_China%2C_1938._%287893554712%29_%28cropped1%29.jpg/220px-Christopher_Isherwood_en_route_to_China%2C_1938._%287893554712%29_%28cropped1%29.jpg
Arturo Islas,NaN
Harish Iyer,https://upload.wikimedia.org/wikipedia/commons/thumb/9/99/Harish_iyer.jpeg/220px-Harish_iyer.jpeg
Tove Jansson,https://upload.wikimedia.org/wikipedia/commons/thumb/4/49/Tove_Jansson_in_1967_%28cropped%29.jpg/220px-Tove_Jansson_in_1967_%28cropped%29.jpg
Derek Jarman,https://upload.wikimedia.org/wikipedia/commons/thumb/b/b1/Derek_Jarman.jpg/220px-Derek_Jarman.jpg
Alfred Jarry,https://upload.wikimedia.org/wikipedia/commons/thumb/d/d3/Alfred_Jarry.jpg/200px-Alfred_Jarry.jpg
Sarah Orne Jewett,https://upload.wikimedia.org/wikipedia/commons/thumb/f/f6/Sarah_Orne_Jewett_7.jpg/220px-Sarah_Orne_Jewett_7.jpg
Craig Johnson,NaN
June Jordan,https://upload.wikimedia.org/wikipedia/en/5/52/June_Jordan.jpg
Konrad Juengling,https://upload.wikimedia.org/wikipedia/commons/thumb/d/dd/Ruth_Kluger_Konrad_Juengling.jpg/220px-Ruth_Kluger_Konrad_Juengling.jpg
Amanda Junquera Butler,https://upload.wikimedia.org/wikipedia/en/thumb/3/36/Carmen_Conde_and_Amanda_Junquera%2C_1940.jpg/220px-Carmen_Conde_and_Amanda_Junquera%2C_1940.jpg
Claude Jutra,NaN
Karin Kallmaker,NaN
Christopher Kelly,https://upload.wikimedia.org/wikipedia/commons/thumb/4/4c/Christopher_Kelly_2016.jpg/220px-Christopher_Kelly_2016.jpg
Randall Kenan,NaN
Nina Kennedy,https://upload.wikimedia.org/wikipedia/commons/thumb/3/3d/Nina_Kennedy.jpg/220px-Nina_Kennedy.jpg
Maurice Kenny,NaN
Jack Kerouac,https://upload.wikimedia.org/wikipedia/commons/thumb/3/37/Kerouac_by_Palumbo_2_%28cropped%29.png/220px-Kerouac_by_Palumbo_2_%28cropped%29.png
Gary Kinsman,NaN
Heinrich von Kleist,https://upload.wikimedia.org/wikipedia/commons/thumb/4/4f/Kleist%2C_Heinrich_von.jpg/220px-Kleist%2C_Heinrich_von.jpg
Tamai Kobayashi,NaN
Bernard-Marie Koltes,NaN
Bill Konigsberg,https://upload.wikimedia.org/wikipedia/commons/thumb/f/ff/Bill_Konigsberg_2015.jpg/220px-Bill_Konigsberg_2015.jpg
Greg Kramer,NaN
Larry Kramer,https://upload.wikimedia.org/wikipedia/commons/thumb/f/fd/Larry_Kramer_2010_Photo_-_David_Shankbone.jpg/220px-Larry_Kramer_2010_Photo_-_David_Shankbone.jpg
Ellen Kushner,https://upload.wikimedia.org/wikipedia/commons/thumb/d/d8/EK_-_Diner_-_Photo_by_Delia.jpg/220px-EK_-_Diner_-_Photo_by_Delia.jpg
Tony Kushner,https://upload.wikimedia.org/wikipedia/commons/thumb/5/5c/Tony_Kushner_-_Hollywood_and_Socialism_-_The_Laura_Flanders_Show_2.png/220px-Tony_Kushner_-_Hollywood_and_Socialism_-_The_Laura_Flanders_Show_2.png
Mikhail Kuzmin,https://upload.wikimedia.org/wikipedia/commons/thumb/5/5d/Mikhail_Kuzmin_circa_1911.jpg/200px-Mikhail_Kuzmin_circa_1911.jpg
Lydia Kwa,NaN
Lawrence La Fountain-Stokes,https://upload.wikimedia.org/wikipedia/commons/thumb/2/25/Lawrence-lafountain-stokes.JPG/220px-Lawrence-lafountain-stokes.JPG
Edward A. Lacey,NaN
Ben Ladouceur,NaN
Jean-Luc Lagarce,NaN
Selma Lagerlof,https://upload.wikimedia.org/wikipedia/commons/thumb/1/11/Selma_Lagerl%C3%B6f.jpg/220px-Selma_Lagerl%C3%B6f.jpg
Lori L. Lake,https://upload.wikimedia.org/wikipedia/commons/thumb/a/aa/Oct2018-atPowells-med.jpg/220px-Oct2018-atPowells-med.jpg
Kevin Lambert,https://upload.wikimedia.org/wikipedia/commons/thumb/d/d7/Kevin_Lambert_%C3%A0_la_Biblioth%C3%A8que_%C3%A0_livres_ouverts.jpg/220px-Kevin_Lambert_%C3%A0_la_Biblioth%C3%A8que_%C3%A0_livres_ouverts.jpg
Michael Lannan,NaN
Benjamin Law,NaN
D. H. Lawrence,https://upload.wikimedia.org/wikipedia/commons/thumb/4/44/D_H_Lawrence_passport_photograph.jpg/220px-D_H_Lawrence_passport_photograph.jpg
David Leavitt,NaN
Violette Leduc,https://upload.wikimedia.org/wikipedia/en/8/87/Violette_Leduc.jpg
John Alan Lee,NaN
Robert Lepage,https://upload.wikimedia.org/wikipedia/commons/thumb/7/75/Robert_Lepage.jpg/220px-Robert_Lepage.jpg
Alex Leslie,NaN
David Levithan,https://upload.wikimedia.org/wikipedia/commons/thumb/7/73/David_Levithan_2018.jpg/220px-David_Levithan_2018.jpg
Matthew G. Lewis,https://upload.wikimedia.org/wikipedia/commons/thumb/5/5f/Matthew_Gregory_Lewis_by_George_Lethbridge_Saunders%2C_after_Unknown_artist.jpg/220px-Matthew_Gregory_Lewis_by_George_Lethbridge_Saunders%2C_after_Unknown_artist.jpg
Jose Lezama Lima,https://upload.wikimedia.org/wikipedia/commons/thumb/b/bf/Lezama_lima.jpg/220px-Lezama_lima.jpg
Ali Liebegott,NaN
Eddie Linden,https://upload.wikimedia.org/wikipedia/commons/thumb/5/54/Granville_Davies_portrait_of_Eddie_Linden.jpg/220px-Granville_Davies_portrait_of_Eddie_Linden.jpg
Lynette Loeppky,NaN
Audre Lorde,https://upload.wikimedia.org/wikipedia/commons/thumb/c/c2/Audre_Lorde.jpg/220px-Audre_Lorde.jpg
Ed Luce,https://upload.wikimedia.org/wikipedia/commons/thumb/9/9b/Ed_Luce_of_Goteblud_Comics_-_Stumptown_Comics_Fest_%287123305353%29.jpg/220px-Ed_Luce_of_Goteblud_Comics_-_Stumptown_Comics_Fest_%287123305353%29.jpg
Ann-Marie MacDonald,https://upload.wikimedia.org/wikipedia/commons/thumb/a/af/Anne_Marie_MacDonald_-_Eden_Mills_Writers_Festival_-_2015_%28DanH-6084%29_%28cropped%29.jpg/220px-Anne_Marie_MacDonald_-_Eden_Mills_Writers_Festival_-_2015_%28DanH-6084%29_%28cropped%29.jpg
Daniel MacIvor,https://upload.wikimedia.org/wikipedia/commons/thumb/5/55/Daniel_MacIvor.jpg/220px-Daniel_MacIvor.jpg
John Henry Mackay,https://upload.wikimedia.org/wikipedia/commons/e/e4/John_Henry_Mackay.gif
Bennett Madison,https://upload.wikimedia.org/wikipedia/commons/thumb/3/31/Bennett_madison_2013.jpg/220px-Bennett_madison_2013.jpg
Gregory Maguire,NaN
Anand Mahadevan,NaN
Louise Maheux-Forcier,NaN
Klaus Mann,https://upload.wikimedia.org/wikipedia/commons/thumb/1/10/Klaus_Mann.jpg/220px-Klaus_Mann.jpg
Thomas Mann,https://upload.wikimedia.org/wikipedia/commons/thumb/9/95/Thomas_Mann_1929.jpg/220px-Thomas_Mann_1929.jpg
David Charles Manners,https://upload.wikimedia.org/wikipedia/en/thumb/a/ae/DCMclose_small.jpg/220px-DCMclose_small.jpg
Jovette Marchessault,https://upload.wikimedia.org/wikipedia/en/thumb/1/1b/Photo_of_Jovette_Marchessault.jpg/220px-Photo_of_Jovette_Marchessault.jpg
Paula Martinac,NaN
Richard Mason,https://upload.wikimedia.org/wikipedia/commons/thumb/2/24/Richard_Mason_H1132_C.jpg/220px-Richard_Mason_H1132_C.jpg
Blair Mastbaum,https://upload.wikimedia.org/wikipedia/commons/thumb/4/48/BlairPortraitNYBus.jpg/215px-BlairPortraitNYBus.jpg
Nemir Matos-Cintron,NaN
F. O. Matthiessen,https://upload.wikimedia.org/wikipedia/commons/thumb/2/25/F.O._%E2%80%9CMatty%E2%80%9D_Matthiessen%2C_and_Russell_Cheney%2C_Normandy%2C_summer_1925.jpg/220px-F.O._%E2%80%9CMatty%E2%80%9D_Matthiessen%2C_and_Russell_Cheney%2C_Normandy%2C_summer_1925.jpg
W. Somerset Maugham,https://upload.wikimedia.org/wikipedia/commons/thumb/6/65/Maugham_retouched.jpg/220px-Maugham_retouched.jpg
Armistead Maupin,https://upload.wikimedia.org/wikipedia/commons/thumb/e/e4/ArmisteadMaupinChristopherTurnerHWOFMay2013.jpg/220px-ArmisteadMaupinChristopherTurnerHWOFMay2013.jpg
Tawiah M'carthy,NaN
Richard McCann,https://upload.wikimedia.org/wikipedia/commons/thumb/d/d8/Richard_McCann_1272037.jpg/220px-Richard_McCann_1272037.jpg
Carson McCullers,https://upload.wikimedia.org/wikipedia/commons/thumb/c/c1/Carsonmccullers.jpg/220px-Carsonmccullers.jpg
Val McDermid,https://upload.wikimedia.org/wikipedia/commons/thumb/9/96/ValMcDermid.jpg/220px-ValMcDermid.jpg
Keith McDermott,NaN
Michael McDowell,https://upload.wikimedia.org/wikipedia/en/thumb/9/96/Michael_McDowell_%28author%29.jpg/220px-Michael_McDowell_%28author%29.jpg
Peter McGehee,NaN
Fiona McGregor,NaN
Terrence McNally,https://upload.wikimedia.org/wikipedia/en/thumb/f/f5/Terrence_McNally_2020.jpg/220px-Terrence_McNally_2020.jpg
Lida Merlinova,https://upload.wikimedia.org/wikipedia/en/thumb/6/65/L%C3%ADda_Merl%C3%ADnov%C3%A1%2C_Czech_writer.jpg/220px-L%C3%ADda_Merl%C3%ADnov%C3%A1%2C_Czech_writer.jpg
James Merrill,https://upload.wikimedia.org/wikipedia/commons/thumb/6/61/James_Merrill_%281973%29_%28cropped%29.jpg/220px-James_Merrill_%281973%29_%28cropped%29.jpg
Charlotte Mew,https://upload.wikimedia.org/wikipedia/commons/thumb/9/95/Charlotte-mew.jpg/220px-Charlotte-mew.jpg
Grant Michaels,NaN
Michelangelo,https://upload.wikimedia.org/wikipedia/commons/thumb/0/02/Michelangelo_Daniele_da_Volterra_%28dettaglio%29.jpg/220px-Michelangelo_Daniele_da_Volterra_%28dettaglio%29.jpg
Stevie Mikayne,NaN
Edna St. Vincent Millay,https://upload.wikimedia.org/wikipedia/commons/thumb/d/d0/Edna_St._Vincent_Millay_1933_van_Vechten.jpg/220px-Edna_St._Vincent_Millay_1933_van_Vechten.jpg
Isabel Miller,https://upload.wikimedia.org/wikipedia/en/2/2f/Alma_Routsong.jpg
Roswell George Mills,NaN
John Milton,https://upload.wikimedia.org/wikipedia/commons/thumb/9/91/John-milton.jpg/220px-John-milton.jpg
Yukio Mishima,https://upload.wikimedia.org/wikipedia/commons/thumb/d/de/Yukio_Mishima_cropped.jpg/220px-Yukio_Mishima_cropped.jpg
Sylvia Molloy,NaN
Paul Monette,https://upload.wikimedia.org/wikipedia/en/1/1d/West_of_Yesterday%2C_East_of_Summer_%28Paul_Monette_book_-_cover_art%29.jpg
Carlos Monsivais,https://upload.wikimedia.org/wikipedia/commons/thumb/d/d6/Carlos_monsivais.jpg/220px-Carlos_monsivais.jpg
Shani Mootoo,https://upload.wikimedia.org/wikipedia/commons/thumb/5/5d/Writer_Shani_Mootoo.jpg/220px-Writer_Shani_Mootoo.jpg
Cherrie Moraga,https://upload.wikimedia.org/wikipedia/commons/thumb/e/e3/Cherr%C3%ADe_Moraga_Laura_Flanders_Show_2019.jpg/220px-Cherr%C3%ADe_Moraga_Laura_Flanders_Show_2019.jpg
Cesar Moro,https://upload.wikimedia.org/wikipedia/commons/thumb/0/0c/C%C3%A9sar_Moro.jpg/220px-C%C3%A9sar_Moro.jpg
Erwin Mortier,https://upload.wikimedia.org/wikipedia/commons/thumb/c/c4/Erwinmortier675.jpg/220px-Erwinmortier675.jpg
Erin Moure,https://upload.wikimedia.org/wikipedia/commons/thumb/6/64/Erin_Mour%C3%A9.png/220px-Erin_Mour%C3%A9.png
Hasan Namir,https://upload.wikimedia.org/wikipedia/commons/thumb/5/53/Hasan_Namir.jpg/220px-Hasan_Namir.jpg
Nathanael,NaN
Michael Nava,NaN
Abdi Nazemian,https://upload.wikimedia.org/wikipedia/commons/thumb/0/04/Abdi_Nazemian_at_BookCon_%2826714%29.jpg/220px-Abdi_Nazemian_at_BookCon_%2826714%29.jpg
Frances Negron-Muntaner,NaN
Luis Negron,NaN
Patrick Ness,https://upload.wikimedia.org/wikipedia/commons/thumb/d/d0/Patrick_Ness_en_los_Premios_Goya_2017.jpg/220px-Patrick_Ness_en_los_Premios_Goya_2017.jpg
Anais Nin,https://upload.wikimedia.org/wikipedia/commons/thumb/8/87/George_Leite_and_Ana%C3%AFs_Nin_at_daliel%27s_bookstore_in_Berkeley%2C_CA%2C_1946.jpg/220px-George_Leite_and_Ana%C3%AFs_Nin_at_daliel%27s_bookstore_in_Berkeley%2C_CA%2C_1946.jpg
Achy Obejas,NaN
Frank O'Hara,https://upload.wikimedia.org/wikipedia/commons/thumb/7/7f/Frank_O%27Hara_%28photo_portrait%29.jpg/220px-Frank_O%27Hara_%28photo_portrait%29.jpg
Jamie O'Neill,NaN
Joe Orton,https://upload.wikimedia.org/wikipedia/en/thumb/9/9d/Joe_Orton_1964.jpg/220px-Joe_Orton_1964.jpg
Wilfred Owen,https://upload.wikimedia.org/wikipedia/commons/thumb/e/e3/Wilfred_Owen_plate_from_Poems_%281920%29.jpg/235px-Wilfred_Owen_plate_from_Poems_%281920%29.jpg
Morris Panych,NaN
Arleen Pare,NaN
Sophia Parnok,https://upload.wikimedia.org/wikipedia/en/thumb/1/11/Sophia_Parnok.jpg/220px-Sophia_Parnok.jpg
Pier Paolo Pasolini,https://upload.wikimedia.org/wikipedia/commons/thumb/a/a4/PierPaoloPasolini.jpg/250px-PierPaoloPasolini.jpg
Benito Pastoriza Iyodo,https://upload.wikimedia.org/wikipedia/commons/thumb/7/77/Benito_Pastoriza_Iyodo.jpg/213px-Benito_Pastoriza_Iyodo.jpg
Walter Pater,https://upload.wikimedia.org/wikipedia/commons/thumb/5/51/Walter-pater-1.jpg/220px-Walter-pater-1.jpg
Fiona Patton,NaN
Robert Patrick,https://upload.wikimedia.org/wikipedia/commons/e/ee/RPatrickCMG.jpg
Karleen Pendleton Jimenez,NaN
Cristina Peri Rossi,https://upload.wikimedia.org/wikipedia/commons/thumb/5/57/Cristina_Peri.jpg/220px-Cristina_Peri.jpg
Fernando Pessoa,https://upload.wikimedia.org/wikipedia/commons/thumb/3/32/Pessoa_chapeu.jpg/220px-Pessoa_chapeu.jpg
Petronius,https://upload.wikimedia.org/wikipedia/commons/thumb/3/31/Petronius_Arbiter_by_Bodart_1707.jpg/220px-Petronius_Arbiter_by_Bodart_1707.jpg
Edward O. Phillips,NaN
Janos Pilinszky,https://upload.wikimedia.org/wikipedia/commons/thumb/7/7c/PilinszkyErettsegikep.png/220px-PilinszkyErettsegikep.png
August von Platen,https://upload.wikimedia.org/wikipedia/commons/thumb/1/15/August_von_Platen_by_Moritz_Rugendas.jpg/220px-August_von_Platen_by_Moritz_Rugendas.jpg
Plato,https://upload.wikimedia.org/wikipedia/commons/thumb/8/88/Plato_Silanion_Musei_Capitolini_MC1377.jpg/220px-Plato_Silanion_Musei_Capitolini_MC1377.jpg
Casey Plett,NaN
Plutarch,https://upload.wikimedia.org/wikipedia/commons/thumb/a/a8/Plutarch_of_Chaeronea-03_%28cropped%29.jpg/250px-Plutarch_of_Chaeronea-03_%28cropped%29.jpg
Sydney Pokorny,https://upload.wikimedia.org/wikipedia/en/thumb/f/f4/Sydneypokorny2005.jpg/150px-Sydneypokorny2005.jpg
Ljuba Prenner,https://upload.wikimedia.org/wikipedia/commons/thumb/b/b2/Ljuba_Prenner_1929.jpg/220px-Ljuba_Prenner_1929.jpg
Edward Irenaeus Prime-Stevenson,https://upload.wikimedia.org/wikipedia/commons/thumb/1/12/Eddie_Stevenson1.jpg/220px-Eddie_Stevenson1.jpg
Marcel Proust,https://upload.wikimedia.org/wikipedia/commons/a/a5/Marcel_Proust_1900-2.jpg
Manuel Puig,https://upload.wikimedia.org/wikipedia/commons/thumb/a/a9/Manuel_Puig%2C_1979.jpg/300px-Manuel_Puig%2C_1979.jpg
Andy Quan,NaN
Carol Queen,https://upload.wikimedia.org/wikipedia/commons/thumb/f/f7/Carol_Queen%2C_2006.jpg/220px-Carol_Queen%2C_2006.jpg
D. Michael Quinn,NaN
Cheryl Rainfield,NaN
David Rakoff,https://upload.wikimedia.org/wikipedia/commons/thumb/c/c7/David_rakoff_2006.jpg/200px-David_rakoff_2006.jpg
Ahmad Danny Ramadan,https://upload.wikimedia.org/wikipedia/commons/thumb/9/9f/DannyRamadan.jpg/220px-DannyRamadan.jpg
Manuel Ramos Otero,https://upload.wikimedia.org/wikipedia/en/thumb/f/f8/Mrotero.jpg/220px-Mrotero.jpg
James Randi,https://upload.wikimedia.org/wikipedia/commons/thumb/f/f5/Preferred_official_head-shot_from_James_Randi_Educational_Foundation.jpg/220px-Preferred_official_head-shot_from_James_Randi_Educational_Foundation.jpg
Lev Raphael,NaN
Ian Iqbal Rashid,https://upload.wikimedia.org/wikipedia/commons/thumb/a/a7/Writer-Director_Ian_Iqbal_Rashid.jpg/220px-Writer-Director_Ian_Iqbal_Rashid.jpg
David Rayside,NaN
John Rechy,NaN
Riley Redgate,NaN
Paul Reed,NaN
Raziel Reid,https://upload.wikimedia.org/wikipedia/commons/thumb/4/45/Raziel_Reid.jpg/220px-Raziel_Reid.jpg
Steven Reigns,https://upload.wikimedia.org/wikipedia/commons/thumb/0/00/Stevenreigns1.jpg/220px-Stevenreigns1.jpg
Mary Renault,https://upload.wikimedia.org/wikipedia/en/thumb/e/ee/Mary_Renault.jpg/220px-Mary_Renault.jpg
Josine Reuling,NaN
Gerard Reve,https://upload.wikimedia.org/wikipedia/commons/thumb/d/d2/Gerard_Reve_1969-crop.jpg/220px-Gerard_Reve_1969-crop.jpg
Nina Revoyr,https://upload.wikimedia.org/wikipedia/commons/thumb/b/bc/Nina_Revoyr_%40_BBF_%286160543729%29.jpg/220px-Nina_Revoyr_%40_BBF_%286160543729%29.jpg
Christopher Rice,https://upload.wikimedia.org/wikipedia/commons/thumb/8/86/Author_Christopher_Rice.jpg/220px-Author_Christopher_Rice.jpg
Adrienne Rich,https://upload.wikimedia.org/wikipedia/commons/thumb/8/86/Adrienne_Rich_1980.jpg/160px-Adrienne_Rich_1980.jpg
Christopher Richards,https://upload.wikimedia.org/wikipedia/commons/thumb/4/4d/Christopher_Richards_Headshot.jpg/200px-Christopher_Richards_Headshot.jpg
Nancy Richler,https://upload.wikimedia.org/wikipedia/en/thumb/0/0f/Nancy_Richler.jpg/150px-Nancy_Richler.jpg
Arthur Rimbaud,https://upload.wikimedia.org/wikipedia/commons/thumb/1/1c/Rimbaud.PNG/220px-Rimbaud.PNG
Robert Rodi,NaN
Nelson Rodrigues,https://upload.wikimedia.org/wikipedia/commons/thumb/d/d8/Nelson_Rodrigues_%281971%29.tif/lossy-page1-250px-Nelson_Rodrigues_%281971%29.tif.jpg
Paul Rogers,NaN
Ned Rorem,NaN
Sinclair Ross,NaN
Jeffrey Round,NaN
Andrea Routley,NaN
Andre Roy,NaN
Shawn Stewart Ruff,https://upload.wikimedia.org/wikipedia/commons/thumb/0/05/Shawn_Stewart_Ruff.jpg/220px-Shawn_Stewart_Ruff.jpg
Muriel Rukeyser,https://upload.wikimedia.org/wikipedia/en/thumb/8/88/Muriel_Rukeyser_by_Imogen_Cunningham%2C_1945.jpg/220px-Muriel_Rukeyser_by_Imogen_Cunningham%2C_1945.jpg
Jane Rule,https://upload.wikimedia.org/wikipedia/en/thumb/a/a1/Jane_Rule_by_Alex_Waterhouse-Hayward.jpg/220px-Jane_Rule_by_Alex_Waterhouse-Hayward.jpg
Joanna Russ,https://upload.wikimedia.org/wikipedia/en/thumb/9/9e/Joanna_Russ_obit.jpg/220px-Joanna_Russ_obit.jpg
Elizabeth Ruth,NaN
Patrick Ryan,NaN
Geoff Ryman,https://upload.wikimedia.org/wikipedia/commons/thumb/4/43/Geoff_Ryman_at_%C3%85con.jpg/220px-Geoff_Ryman_at_%C3%85con.jpg
Umberto Saba,https://upload.wikimedia.org/wikipedia/commons/thumb/4/4c/Umberto_Saba.jpg/220px-Umberto_Saba.jpg
Vita Sackville-West,https://upload.wikimedia.org/wikipedia/commons/thumb/a/a4/Victoria-mary-sackville-west-vita.jpg/220px-Victoria-mary-sackville-west-vita.jpg
Marquis de Sade,https://upload.wikimedia.org/wikipedia/commons/thumb/2/20/Marquis_de_sade.jpg/220px-Marquis_de_sade.jpg
Benjamin Alire Saenz,https://upload.wikimedia.org/wikipedia/commons/thumb/f/fb/Benjamin_Saenz_2016.jpg/220px-Benjamin_Saenz_2016.jpg
Assotto Saint,NaN
George Santayana,https://upload.wikimedia.org/wikipedia/commons/thumb/2/2a/George_Santayana.jpg/220px-George_Santayana.jpg
Mayra Santos-Febres,NaN
Sappho,https://upload.wikimedia.org/wikipedia/commons/thumb/e/e3/Malarz_Safony_-_Kalpis_wykonana_technik%C4%85_Six.jpg/220px-Malarz_Safony_-_Kalpis_wykonana_technik%C4%85_Six.jpg
Severo Sarduy,https://upload.wikimedia.org/wikipedia/commons/thumb/d/de/Severo_Sarduy.jpg/220px-Severo_Sarduy.jpg
Frank Sargeson,https://upload.wikimedia.org/wikipedia/commons/thumb/7/7b/Frank_Sargeson.jpg/220px-Frank_Sargeson.jpg
May Sarton,https://upload.wikimedia.org/wikipedia/en/thumb/2/2b/May_Sarton.jpg/220px-May_Sarton.jpg
Dan Savage,https://upload.wikimedia.org/wikipedia/commons/thumb/3/38/Dan_Savage_at_Inforum_%289458016311%29_%28cropped_to_Savage%29.jpg/220px-Dan_Savage_at_Inforum_%289458016311%29_%28cropped_to_Savage%29.jpg
Gail Scott,NaN
Sarah Schulman,https://upload.wikimedia.org/wikipedia/commons/thumb/8/86/Sarah_Schulman_280603.jpg/220px-Sarah_Schulman_280603.jpg
Gregory Scofield,https://upload.wikimedia.org/wikipedia/commons/thumb/1/16/Gregory_Scofield_author_photo.jpg/220px-Gregory_Scofield_author_photo.jpg
Manda Scott,https://upload.wikimedia.org/wikipedia/commons/thumb/5/5e/MandaScott.jpg/220px-MandaScott.jpg
Sarah Scott,https://upload.wikimedia.org/wikipedia/commons/thumb/9/96/Sarah_Scott%2C_1744.png/220px-Sarah_Scott%2C_1744.png
David Sedaris,https://upload.wikimedia.org/wikipedia/commons/thumb/f/f4/David_Sedaris-4724.jpg/220px-David_Sedaris-4724.jpg
Shyam Selvadurai,https://upload.wikimedia.org/wikipedia/commons/thumb/1/18/ShyamSelvadurai.jpg/220px-ShyamSelvadurai.jpg
Maurice Sendak,https://upload.wikimedia.org/wikipedia/en/thumb/1/11/Maurice-Sendak_portrait2.jpg/220px-Maurice-Sendak_portrait2.jpg
Anna Seward,https://upload.wikimedia.org/wikipedia/commons/thumb/a/aa/Anna_Seward_by_Tilly_Kettle.jpg/220px-Anna_Seward_by_Tilly_Kettle.jpg
Merry Shannon,NaN
Bradford Shellhammer,https://upload.wikimedia.org/wikipedia/commons/thumb/0/0d/Bradford_Shellhammer_New_Year%27s_Eve_2009.png/220px-Bradford_Shellhammer_New_Year%27s_Eve_2009.png
Randy Shilts,NaN
Vivek Shraya,NaN
Andy Sinclair,NaN
Edith Sitwell,https://upload.wikimedia.org/wikipedia/commons/thumb/c/ca/Roger_Fry_-_Edith_Sitwell.jpg/220px-Roger_Fry_-_Edith_Sitwell.jpg
Michael Sledge,NaN
Ali Smith,https://upload.wikimedia.org/wikipedia/commons/thumb/1/1c/AliSmith2011.png/220px-AliSmith2011.png
Michael V. Smith,NaN
Kamal Al-Solaylee,https://upload.wikimedia.org/wikipedia/commons/thumb/9/9f/Kamal_Al-Solaylee_-_Eden_Mills_Writers_Festival_-_2016_%28DanH-0638%29_%28cropped%29.jpg/220px-Kamal_Al-Solaylee_-_Eden_Mills_Writers_Festival_-_2016_%28DanH-0638%29_%28cropped%29.jpg
Pablo Soler Frost,https://upload.wikimedia.org/wikipedia/commons/thumb/1/1c/Pablo_Soler_Frost.jpg/220px-Pablo_Soler_Frost.jpg
Susan Sontag,https://upload.wikimedia.org/wikipedia/commons/thumb/f/f2/Susan_Sontag_1979_%C2%A9Lynn_Gilbert_%28headshot%29.jpg/220px-Susan_Sontag_1979_%C2%A9Lynn_Gilbert_%28headshot%29.jpg
Tom Spanbauer,NaN
Sir Stephen Spender,https://upload.wikimedia.org/wikipedia/en/thumb/a/a5/Stephen_Spender.jpg/220px-Stephen_Spender.jpg
Jack Spicer,https://upload.wikimedia.org/wikipedia/en/thumb/8/82/Jack_Spicer.jpg/220px-Jack_Spicer.jpg
Rae Spoon,https://upload.wikimedia.org/wikipedia/commons/thumb/6/64/Rae-Spoon-Nov-2013.jpg/220px-Rae-Spoon-Nov-2013.jpg
Gertrude Stein,https://upload.wikimedia.org/wikipedia/commons/thumb/2/25/Gertrude_Stein_1935-01-04.jpg/220px-Gertrude_Stein_1935-01-04.jpg
Andreas Steinhofel,https://upload.wikimedia.org/wikipedia/commons/thumb/1/1b/Andreas_Steinh%C3%B6fel_liest_Anders_auf_der_Frankfurter_Buchmesse_2014.JPG/220px-Andreas_Steinh%C3%B6fel_liest_Anders_auf_der_Frankfurter_Buchmesse_2014.JPG
Kent Stetson,NaN
Charles Warren Stoddard,https://upload.wikimedia.org/wikipedia/commons/thumb/d/dd/Charles_Warren_Stoddard.jpg/220px-Charles_Warren_Stoddard.jpg
Aryeh Lev Stollman,NaN
Lytton Strachey,https://upload.wikimedia.org/wikipedia/commons/thumb/5/5d/Carrington_-_Strachey.jpg/220px-Carrington_-_Strachey.jpg
Susan Stryker,https://upload.wikimedia.org/wikipedia/commons/thumb/5/52/Susan_Stryker_at_Trans_March_San_Francisco_20170623-6594.jpg/220px-Susan_Stryker_at_Trans_March_San_Francisco_20170623-6594.jpg
Douglas Stuart,https://upload.wikimedia.org/wikipedia/commons/thumb/1/19/Douglas_Stuart.png/220px-Douglas_Stuart.png
Howard Sturgis,https://upload.wikimedia.org/wikipedia/commons/thumb/e/e1/Howard_Sturgis_and_William_Haynes_Smith_on_the_steps_with_two_dogs_at_Queen%27s_Acres%2C_Windsor%2C_before_1920.jpg/220px-Howard_Sturgis_and_William_Haynes_Smith_on_the_steps_with_two_dogs_at_Queen%27s_Acres%2C_Windsor%2C_before_1920.jpg
Algernon Swinburne,https://upload.wikimedia.org/wikipedia/commons/thumb/e/e9/Picture_of_Algernon_C._Swinburne.jpg/220px-Picture_of_Algernon_C._Swinburne.jpg
Scott Symons,NaN
Proma Tagore,NaN
Mutsuo Takahashi,https://upload.wikimedia.org/wikipedia/commons/thumb/1/13/Mutsuo_Takahashi_2009-02-04.jpg/300px-Mutsuo_Takahashi_2009-02-04.jpg
Mariko Tamaki,https://upload.wikimedia.org/wikipedia/commons/thumb/5/5b/Mariko_Tamaki_by_Gage_Skidmore.jpg/220px-Mariko_Tamaki_by_Gage_Skidmore.jpg
Jordan Tannahill,NaN
Joelle Taylor,NaN
Valerie Taylor,https://upload.wikimedia.org/wikipedia/commons/thumb/9/91/Valerie_Taylor_yearbook.jpg/220px-Valerie_Taylor_yearbook.jpg
Michelle Tea,https://upload.wikimedia.org/wikipedia/commons/thumb/d/dc/Michelle_Tea_2018.jpg/220px-Michelle_Tea_2018.jpg
Sara Teasdale,https://upload.wikimedia.org/wikipedia/commons/thumb/7/7b/Sara_Teasdale._Photograph_by_Gerhard_Sisters%2C_ca._1910_Missouri_History_Museum_Photograph_and_Print_Collection._Portraits_n21492.jpg/220px-Sara_Teasdale._Photograph_by_Gerhard_Sisters%2C_ca._1910_Missouri_History_Museum_Photograph_and_Print_Collection._Portraits_n21492.jpg
Sara Tilley,NaN
James Tiptree Jr.,https://upload.wikimedia.org/wikipedia/commons/thumb/5/58/James_Tiptree_Jr.jpg/220px-James_Tiptree_Jr.jpg
Colm Toibin,https://upload.wikimedia.org/wikipedia/commons/thumb/7/76/Colm_toibin_2006.jpg/220px-Colm_toibin_2006.jpg
Peterson Toscano,https://upload.wikimedia.org/wikipedia/commons/thumb/7/70/Peterson_Toscano.jpg/220px-Peterson_Toscano.jpg
Matthew J. Trafford,NaN
Michel Tremblay,https://upload.wikimedia.org/wikipedia/commons/thumb/b/b1/Michel_Tremblay_%28cropped%29.jpg/220px-Michel_Tremblay_%28cropped%29.jpg
Mary L. Trump,https://upload.wikimedia.org/wikipedia/en/thumb/d/db/Mary_L._Trump_-_Mother_Jones_interview.jpg/200px-Mary_L._Trump_-_Mother_Jones_interview.jpg
Christos Tsiolkas,NaN
Marina Tsvetaeva,https://upload.wikimedia.org/wikipedia/commons/thumb/2/21/Tsvetaeva.jpg/220px-Tsvetaeva.jpg
Karl Heinrich Ulrichs,https://upload.wikimedia.org/wikipedia/commons/thumb/1/1f/Karl_Heinrich_Ulrichs_%28from_Kennedy%29.jpg/220px-Karl_Heinrich_Ulrichs_%28from_Kennedy%29.jpg
Luz Maria Umpierre,NaN
Fernando Vallejo,https://upload.wikimedia.org/wikipedia/commons/thumb/e/e0/Fernando_Vallejo.jpg/220px-Fernando_Vallejo.jpg
Marlene van Niekerk,https://upload.wikimedia.org/wikipedia/commons/thumb/f/f1/Marlene_van_Niekerk.jpg/220px-Marlene_van_Niekerk.jpg
Sandor Vay,https://upload.wikimedia.org/wikipedia/commons/thumb/e/e0/S%C3%A1ndor_Vay_-_Restoration.jpg/220px-S%C3%A1ndor_Vay_-_Restoration.jpg
Carl Van Vechten,https://upload.wikimedia.org/wikipedia/commons/thumb/2/2c/Self-Portrait_of_Carl_Van_Vechten_Crisco_edit.jpg/220px-Self-Portrait_of_Carl_Van_Vechten_Crisco_edit.jpg
Valeria Vegas,https://upload.wikimedia.org/wikipedia/commons/thumb/e/e1/VALERIA_RETRATO_1.jpg/220px-VALERIA_RETRATO_1.jpg
Paul Verlaine,https://upload.wikimedia.org/wikipedia/commons/1/1c/Netsurf17_-_Paul_Verlaine.png
Gore Vidal,https://upload.wikimedia.org/wikipedia/commons/thumb/e/e1/GoreVidalVanVechten1.jpg/220px-GoreVidalVanVechten1.jpg
David Vinas,https://upload.wikimedia.org/wikipedia/commons/thumb/6/67/DavisVi%C3%B1as001.JPG/180px-DavisVi%C3%B1as001.JPG
Virgil,https://upload.wikimedia.org/wikipedia/commons/thumb/2/25/Publius_Vergilius_Maro.jpg/220px-Publius_Vergilius_Maro.jpg
Renee Vivien,https://upload.wikimedia.org/wikipedia/commons/thumb/2/23/Ren%C3%A9e_Vivien_1.png/220px-Ren%C3%A9e_Vivien_1.png
Paula Vogel,https://upload.wikimedia.org/wikipedia/commons/thumb/5/52/Paula_Vogel_in_2010.jpg/220px-Paula_Vogel_in_2010.jpg
Rinaldo Walcott,NaN
Alice Walker,https://upload.wikimedia.org/wikipedia/commons/thumb/5/59/Alice_Walker.jpg/220px-Alice_Walker.jpg
Sylvia Townsend Warner,https://upload.wikimedia.org/wikipedia/en/thumb/3/31/Sylvia_Townsend_Warner.jpg/220px-Sylvia_Townsend_Warner.jpg
Patricia Nell Warren,NaN
Bryan Washington,NaN
Sarah Waters,https://upload.wikimedia.org/wikipedia/commons/thumb/2/24/Sarah_Waters.jpg/220px-Sarah_Waters.jpg
Evelyn Waugh,https://upload.wikimedia.org/wikipedia/commons/thumb/0/01/Evelynwaugh.jpeg/220px-Evelynwaugh.jpeg
Thomas Waugh,NaN
Barry Webster,NaN
John Weir,NaN
Denton Welch,https://upload.wikimedia.org/wikipedia/commons/thumb/f/fc/Denton_Welch%2C_Self-Portrait.jpg/220px-Denton_Welch%2C_Self-Portrait.jpg
Robert Westfield,NaN
Edmund White,https://upload.wikimedia.org/wikipedia/commons/thumb/8/81/Edmund_White_2_by_David_Shankbone.jpg/220px-Edmund_White_2_by_David_Shankbone.jpg
Patrick White,https://upload.wikimedia.org/wikipedia/commons/thumb/2/20/Patrick_White_1973.jpg/250px-Patrick_White_1973.jpg
William Whitehead,NaN
Walt Whitman,https://upload.wikimedia.org/wikipedia/commons/thumb/f/fa/Walt_Whitman_-_George_Collins_Cox.jpg/220px-Walt_Whitman_-_George_Collins_Cox.jpg
Zoe Whittall,https://upload.wikimedia.org/wikipedia/commons/thumb/f/f9/Zoe_Whittall.jpg/220px-Zoe_Whittall.jpg
Oscar Wilde,https://upload.wikimedia.org/wikipedia/commons/thumb/9/92/Oscar_Wilde_3g07095u-adjust.jpg/220px-Oscar_Wilde_3g07095u-adjust.jpg
Thornton Wilder,https://upload.wikimedia.org/wikipedia/en/thumb/4/4b/Thornton_Wilder_-_1948.jpg/220px-Thornton_Wilder_-_1948.jpg
Michael Willhoite,NaN
Jonathan Williams,https://upload.wikimedia.org/wikipedia/en/5/5a/Jonathan_Williams_1985.jpg
Tennessee Williams,https://upload.wikimedia.org/wikipedia/commons/thumb/7/78/Tennessee_Williams_NYWTS.jpg/220px-Tennessee_Williams_NYWTS.jpg
Angus Wilson,https://upload.wikimedia.org/wikipedia/en/thumb/1/19/Anguswilson.jpg/220px-Anguswilson.jpg
Douglas Wilson,NaN
Jacqueline Wilson,https://upload.wikimedia.org/wikipedia/commons/thumb/6/66/Jacqueline_Wilson.JPG/220px-Jacqueline_Wilson.JPG
Jonathan Wilson,NaN
Jia Qing Wilson-Yang,NaN
Johann Joachim Winckelmann,https://upload.wikimedia.org/wikipedia/commons/thumb/d/d5/Johann_Joachim_Winckelmann_%28Raphael_Mengs_after_1755%29.jpg/225px-Johann_Joachim_Winckelmann_%28Raphael_Mengs_after_1755%29.jpg
Christa Winsloe,NaN
Jeanette Winterson,https://upload.wikimedia.org/wikipedia/commons/thumb/d/d8/Installation_of_Chancellor_Professor_Jackie_Kay_MBE_-_University_of_Salford%2C_Peel_Hall_%2817136470459%29_%28cropped%29.jpg/220px-Installation_of_Chancellor_Professor_Jackie_Kay_MBE_-_University_of_Salford%2C_Peel_Hall_%2817136470459%29_%28cropped%29.jpg
Monique Wittig,https://upload.wikimedia.org/wikipedia/commons/thumb/9/99/Monique_Wittig_%28ph._Colette_Geoffrey%29.jpg/220px-Monique_Wittig_%28ph._Colette_Geoffrey%29.jpg
Rita Wong,NaN
Alan Woo,NaN
Jaime Woo,NaN
Marnie Woodrow,NaN
Virginia Woolf,https://upload.wikimedia.org/wikipedia/commons/thumb/0/0b/George_Charles_Beresford_-_Virginia_Woolf_in_1902_-_Restoration.jpg/220px-George_Charles_Beresford_-_Virginia_Woolf_in_1902_-_Restoration.jpg
d'bi young,https://upload.wikimedia.org/wikipedia/commons/thumb/2/2c/D%27bi_Young.jpg/220px-D%27bi_Young.jpg
Ian Young,NaN
Perry Deane Young,NaN
Marguerite Yourcenar,https://upload.wikimedia.org/wikipedia/commons/thumb/a/a7/Marguerite_Yourcenar-Bailleul-1982.10.04.Bernhard_De_Grendel_%289%29.jpg/180px-Marguerite_Yourcenar-Bailleul-1982.10.04.Bernhard_De_Grendel_%289%29.jpg
Luis Zapata,https://upload.wikimedia.org/wikipedia/commons/thumb/4/4e/Luis_Zapata.jpg/220px-Luis_Zapata.jpg
Jerzy Zawieyski,https://upload.wikimedia.org/wikipedia/commons/thumb/1/18/Jerzy_Zawieyski.jpg/200px-Jerzy_Zawieyski.jpg
"Cyd Zeigler, Jr.",https://upload.wikimedia.org/wikipedia/commons/thumb/1/1e/Zeigler_cyd_blue.jpg/220px-Zeigler_cyd_blue.jpg
Richard Zimler,https://upload.wikimedia.org/wikipedia/commons/thumb/4/4d/ZimlerGrandCanyon2009.jpg/220px-ZimlerGrandCanyon2009.jpg
Narcyza michowska,https://upload.wikimedia.org/wikipedia/commons/thumb/6/6f/Beyer_-_Narcyza_%C5%BBmichowska.jpg/220px-Beyer_-_Narcyza_%C5%BBmichowska.jpg
Peter Zuckerman,NaN
